alias_normalized,canonical_normalized
ash,asher
backisback,bb
bink,bb
binkisback,bb
binkphone,bb
binkputer,bb
jessiebinkman,bb
mrbink,bb
mrbloodthirst,bb
mrpunt,bb
thebinkmeiser,bb
thebinkmieser,bb
thebinkmieste,bb
camberin,cam
camberyan,cam
cameron,cam
cameronryan,cam
camerphon,cam
campunt,cam
camputer,cam
camteensy,cam
camtiny,cam
camwaittrain,cam
can,cam
cma,cam
fuckthisgame,cam
rayanhater,cam
shinny,cenny
ericpc,eric
gabemin,gabe
fuckme,heech
ggfrickinez,heech
hech,heech
hee,heech
herch,heech
notheech,heech
henny,henry
sacculus,isaac
sack,isaac
jamiemin,jamie
degenerason,jason
iputonrams,jason
jasefish,jason
jasonisinclass,jason
jasonrayan,jason
jasontiny,jason
onebulletbbk,jason
prtyboyjlacko,jason
rayanryan,jason
teddyjrb,jason
twobulletbbk,jason
jaaaaaaan,jjj
jaan,jjj
jahan,jjj
jahaninnout,jjj
jahanmin,jjj
jj,jjj
jjjjjj,jjj
jjjjjjj,jjj
jjjjjjjjjjjjj,jjj
jjjjjjputah,jjj
sinstv,jwah
barbiesmen,ken
kenn,ken
kennedy,ken
24242424242424,kobe
4949494949,kobe
kober,kobe
kommer,kobe
mamba,kobe
minimamba,neel
neelxrayan,neel
nel,neel
nih,neel
nit,neel
rayanminion,neel
steakednit,neel
unsteakednit,neel
kobebrayant,rayan
rayab,rayan
rayam,rayan
rayanlast,rayan
rayans,rayan
phonerowan,rowan
rowanfr,rowan
dih,ryan
dihctorwemb,ryan
dihh,ryan
mrdih,ryan
ryans,ryan
ryanssteak,ryan
smolk,ryan
vicofwemb,ryan
victorw,ryan
vicwem,ryan
vih,ryan
vihofwih,ryan
wembanyama,ryan
wemby,ryan
rt,ryant
sulaiman,sul
bruhfih,tomfish
bulletonly,tomfish
fih,tomfish
fihhhhhh,tomfish
first,tomfish
fish,tomfish
fishmas,tomfish
fishy,tomfish
fishyfish,tomfish
heechanrobber,tomfish
hourfih,tomfish
imtilted,tomfish
last,tomfish
lastryanryan,tomfish
megatilted,tomfish
minfih,tomfish
notsteak,tomfish
quads,tomfish
thoma,tomfish
thomas,tomfish
thomgish,tomfish
tom,tomfish
toma,tomfish
tomas,tomfish
tomfishy,tomfish
tommy,tomfish
yin,tomfish
bigmoneymove,yaden
yadenfr,yaden
yadenphone,yaden
