ledger_id,player_id,session_start_at,nickname,owner_normalized,note
ledger_pglidvYs7nwfRvaQmEz2lDsfz,xZS3GKnBtu,2026-09-14T18:38:36Z,Sul,tomfish,"bought under ""Sul"" on account xZS3GKnBtu"
ledger_pglidvYs7nwfRvaQmEz2lDsfz,xZS3GKnBtu,2026-09-15T02:24:25Z,Sul,tomfish,"bought under ""Sul"" on account xZS3GKnBtu"
ledger_pglidvYs7nwfRvaQmEz2lDsfz,xZS3GKnBtu,2026-09-15T03:44:41Z,Sul,tomfish,"bought under ""Sul"" on account xZS3GKnBtu"
ledger_pglidvYs7nwfRvaQmEz2lDsfz,6D7s410Ucp,2026-09-15T02:32:01Z,ṡul,mrbink,"bought under ""ṡul"" on account 6D7s410Ucp"
ledger_pglAgj5rHU4xupD0urmmfxlur,6D7s410Ucp,2026-09-13T15:23:14Z,Mr Bloodthirst,mrbink,"bought under ""Mr Bloodthirst"" on account 6D7s410Ucp"
ledger_pglAgj5rHU4xupD0urmmfxlur,KCSQ_FP46U,2026-09-13T16:16:14Z,Sul,sul,checked: name was right
ledger_pglAgj5rHU4xupD0urmmfxlur,9dMYR0bjPk,2026-09-13T16:43:23Z,Sul3,sul,checked: name was right
ledger_pglbUOdN7z11b8Bj4zdi-6HE4,iNHBFVRnIS,2026-09-11T16:14:21Z,Mr Bink,mrbink,checked: name was right
ledger_pglbUOdN7z11b8Bj4zdi-6HE4,IRFSw7AJ_c,2026-09-11T18:15:04Z,Bink Phone,mrbink,checked: name was right
ledger_pgl0JF3pVUN5wPfXLimhGPkIv,6D7s410Ucp,2026-09-08T17:13:11Z,Binkputer,mrbink,checked: name was right
ledger_pgl0JF3pVUN5wPfXLimhGPkIv,IRFSw7AJ_c,2026-09-08T21:05:26Z,Mr Bink,mrbink,checked: name was right
ledger_pglpMjVGDSKpR-pSe0tcnKtWO,fVdOVcmkKA,2026-09-06T16:50:30Z,Heech,heech,checked: name was right
ledger_pglpMjVGDSKpR-pSe0tcnKtWO,wzsls5Sz57,2026-09-06T17:09:33Z,heech2,heech,checked: name was right
ledger_pglwOsdm7cLWY8xK_utS2zjyX,GO72Iwd2XL,2026-09-03T16:59:55Z,Ryan,ryan,checked: name was right
ledger_pglwOsdm7cLWY8xK_utS2zjyX,P-FXRHakNt,2026-09-04T02:06:59Z,Ryan’s steak,ryan,checked: name was right
ledger_pglp22wHgJxB9LDcDMi4jtK6I,IRFSw7AJ_c,2026-08-30T15:58:27Z,Mr Bink,mrbink,checked: name was right
ledger_pglp22wHgJxB9LDcDMi4jtK6I,iNHBFVRnIS,2026-08-30T16:15:01Z,The Binkmieser,mrbink,checked: name was right
ledger_pglgeUUkCK3Rf4j3WeuZHd1ZN,GthBpPSqaK,2026-08-28T16:11:55Z,Rowan,rowan,checked: name was right
ledger_pglgeUUkCK3Rf4j3WeuZHd1ZN,qgUU_tAS6Q,2026-08-28T20:25:31Z,Phone rowan,rowan,checked: name was right
ledger_pglsXcOG3wvmd8RKNFd9Pp7Zb,IRFSw7AJ_c,2026-08-26T21:25:35Z,Mr Bink,mrbink,checked: name was right
ledger_pglsXcOG3wvmd8RKNFd9Pp7Zb,6D7s410Ucp,2026-08-26T22:05:56Z,Binkputer,mrbink,checked: name was right
ledger_pglwOsdm7cLWY8xK_utS2zjyX,aROWDEOO-N,2026-09-04T02:21:10Z,Ryan’s steak 2,ryan,checked: name was right
ledger_pgliPZuufCIAIAD_ybjgP_qiX,nDyQWeHSG2,2026-09-15T18:45:55Z,Cam (teensy),cam,checked: name was right
ledger_pgliPZuufCIAIAD_ybjgP_qiX,mgsJjEvydR,2026-09-16T01:46:00Z,Cam (tiny?),cam,checked: name was right
ledger_pgliPZuufCIAIAD_ybjgP_qiX,nhXZL_Cydv,2026-09-15T14:28:59Z,Rayan,rayan,checked: name was right
ledger_pgliPZuufCIAIAD_ybjgP_qiX,XFbUuivL6I,2026-09-15T18:45:55Z,Rayab,neel,"bought under ""Rayab"" on account XFbUuivL6I"
ledger_pglHJr0GwuC8l1bj-6beThuMS,IRFSw7AJ_c,2026-09-16T20:50:13Z,Bink,mrbink,"bought under ""Bink"" on account IRFSw7AJ_c"
ledger_pglHJr0GwuC8l1bj-6beThuMS,GO72Iwd2XL,2026-09-16T21:01:20Z,Wemby,ryan,"bought under ""Wemby"" on account GO72Iwd2XL"
ledger_pgl5FYVzdJUpFE4FnhxYy4awr,nhXZL_Cydv,2026-09-18T17:53:42Z,Rayan,rayan,checked: name was right
ledger_pgl5FYVzdJUpFE4FnhxYy4awr,58hxHwl-DR,2026-09-18T19:19:56Z,Rayan2,rayan,checked: name was right
ledger_pgl0x8JEJND8GSk4aGrxBC0Ua,hpHn3c2SeL,2026-09-19T15:41:16Z,jahan,jjj,checked: name was right
ledger_pgl0x8JEJND8GSk4aGrxBC0Ua,iacG4hF18c,2026-09-19T23:35:45Z,jahan 2,jjj,checked: name was right
ledger_pgl5FYVzdJUpFE4FnhxYy4awr,nhXZL_Cydv,2026-09-18T17:53:42Z,Rayan,rayan,checked: name was right
ledger_pgl5FYVzdJUpFE4FnhxYy4awr,58hxHwl-DR,2026-09-18T19:19:56Z,Rayan2,rayan,checked: name was right
ledger_pgl5Da9jMny1zTIYwBBKvrvod,IRFSw7AJ_c,2026-09-22T15:57:05Z,Bink,bink,checked: name was right
ledger_pgl5Da9jMny1zTIYwBBKvrvod,iNHBFVRnIS,2026-09-22T16:34:34Z,Binkputer,bink,checked: name was right
ledger_pgl5Da9jMny1zTIYwBBKvrvod,E5PKCbq-wG,2026-09-22T19:03:26Z,Bink 2,bink,checked: name was right
ledger_pgl5Da9jMny1zTIYwBBKvrvod,XFbUuivL6I,2026-09-22T20:36:07Z,Neel,neel,checked: name was right
ledger_pgl5Da9jMny1zTIYwBBKvrvod,WyajbU_LR7,2026-09-22T22:06:55Z,Nel,neel,checked: name was right
ledger_pgl5Da9jMny1zTIYwBBKvrvod,GO72Iwd2XL,2026-09-22T22:28:18Z,Vih of Wih,ryan,checked: name was right
ledger_pgl5Da9jMny1zTIYwBBKvrvod,6D7s410Ucp,2026-09-22T22:52:00Z,Binkputer 2,bink,checked: name was right
ledger_pgl5Da9jMny1zTIYwBBKvrvod,1E3KUcL9QQ,2026-09-23T00:09:20Z,Dih,ryan,checked: name was right
ledger_pgl2ZziaUgOXs4KKBVYndD364,UhN2CSq8yk,2026-09-22T04:19:21Z,jahan,jjj,checked: name was right
ledger_pgl2ZziaUgOXs4KKBVYndD364,iacG4hF18c,2026-09-22T05:24:41Z,jahan 2,jjj,checked: name was right
ledger_pgl0YLFLRGa9w3yNOH8HPX8aK,iacG4hF18c,2026-09-20T19:39:31Z,jahan,jjj,checked: name was right
ledger_pgl0YLFLRGa9w3yNOH8HPX8aK,UhN2CSq8yk,2026-09-20T21:40:44Z,JJ,jjj,checked: name was right
ledger_pglg2TCDmdOMdNQxGbclZudDX,eWUSzBpS1d,2026-09-24T17:04:41Z,cam,cam,checked: name was right
ledger_pglg2TCDmdOMdNQxGbclZudDX,nDyQWeHSG2,2026-09-24T17:33:27Z,Camerphon,cam,checked: name was right
